powermode,bs,predicted_time,predicted_power,observed_time,observed_power
4_422400_114750000_665600000,1,3113.7295,14.256627,590.7732238769531,14.751
8_1036800_318750000_2133000000,1,-10.173719,14.289692,206.45104217529297,21.184
12_1651200_318750000_2133000000,1,-10.8210535,18.34577,202.4569091796875,21.489
