powermode,bs,predicted_time,predicted_power,observed_time,observed_power
4_422400_522750000_2133000000,1,77.33635,10.811506,85.73428726196289,15.052
8_1036800_318750000_2133000000,1,12.674939,10.894889,35.89262390136719,14.148
8_1344000_318750000_2133000000,1,6.141844,11.4395075,29.647664070129395,14.148
12_1958400_318750000_2133000000,1,4.567121,14.522996,21.44812774658203,15.952
12_2201600_318750000_2133000000,1,3.2413967,15.718974,19.34756755828857,17.155
12_2201600_522750000_2133000000,1,2.7222307,17.240025,18.69481658935547,17.155
