powermode,bs,predicted_time,predicted_power,observed_time,observed_power
8_729600_318750000_2133000000,1,7.3853106,11.263066,41.67803192138672,15.048
8_1036800_318750000_2133000000,1,2.4525774,11.488387,31.487903594970703,16.259
8_1344000_318750000_2133000000,1,2.363615,12.317665,27.307456016540527,16.76
